"departamento_id","departamento_nombre","departamento_centroide_lat","departamento_centroide_lon","provincia_id","provincia_nombre"
"06014","Adolfo Gonzales Chaves",-37.9646159068483,-60.2482821323384,"06","Buenos Aires"
"30015","Concordia",-31.2902983724746,-58.2378696898985,"30","Entre Ríos"
"30035","Federal",-30.9924267798293,-58.8918600477175,"30","Entre Ríos"
"30056","Gualeguaychú",-33.0223490410459,-58.7858051710614,"30","Entre Ríos"
"30063","Islas del Ibicuy",-33.6249961546235,-58.9338958542555,"30","Entre Ríos"
"30105","Victoria",-32.7839424597941,-60.2180700308372,"30","Entre Ríos"
"30021","Diamante",-32.228040549074,-60.5239335893593,"30","Entre Ríos"
"30098","Uruguay",-32.4477599400377,-58.5842252100111,"30","Entre Ríos"
"30084","Paraná",-31.6952294494901,-60.0411744815271,"30","Entre Ríos"
"06707","Saladillo",-35.676806451923,-59.7026607444531,"06","Buenos Aires"
"06455","Las Flores",-36.015826657022,-59.1764609497072,"06","Buenos Aires"
"06686","Rojas",-34.1928173894529,-60.7880234647739,"06","Buenos Aires"
"06252","Escobar",-34.3286828340822,-58.7711786108511,"06","Buenos Aires"
"06412","José C. Paz",-34.511853162718,-58.7776345982883,"06","Buenos Aires"
"06056","Bahía Blanca",-38.5841892126256,-62.1694174494415,"06","Buenos Aires"
"06735","San Antonio de Areco",-34.2207575658705,-59.5194434817548,"06","Buenos Aires"
"06511","Maipú",-36.886933208215,-57.5861191040468,"06","Buenos Aires"
"06280","General Alvarado",-38.2026277127362,-58.0718053725136,"06","Buenos Aires"
"06357","General Pueyrredón",-37.9656831422541,-57.743028347627,"06","Buenos Aires"
"06518","Mar Chiquita",-37.4986405981654,-57.6432660560016,"06","Buenos Aires"
"06868","Villa Gesell",-37.3670719558785,-57.0633978822493,"06","Buenos Aires"
"06644","Pinamar",-37.1110742904936,-56.8702834122236,"06","Buenos Aires"
"06336","General Lavalle",-36.650750377237,-56.9410029895247,"06","Buenos Aires"
"06420","La Costa",-36.6971678213727,-56.7159402751909,"06","Buenos Aires"
"06505","Magdalena",-35.1851030703307,-57.6861279818118,"06","Buenos Aires"
"18175","Sauce",-29.9995030631702,-58.7949968561603,"18","Corrientes"
"06861","Vicente López",-34.52653142362,-58.5044865130649,"06","Buenos Aires"
"66098","La Viña",-25.4471786730855,-65.5805831392571,"66","Salta"
"06672","Rauch",-36.5721944489319,-58.9441413666159,"06","Buenos Aires"
"66112","Metán",-25.4252109663753,-64.5880714654829,"66","Salta"
"66119","Molinos",-25.5643165283563,-66.4548727525442,"66","Salta"
"22112","O'Higgins",-27.2556537688374,-60.6799749172166,"22","Chaco"
"06560","Moreno",-34.6106807864965,-58.8108985084565,"06","Buenos Aires"
"06427","La Matanza",-34.7703481015398,-58.6254456945004,"06","Buenos Aires"
"06791","Tandil",-37.3364293166464,-59.1819827896233,"06","Buenos Aires"
"06203","Coronel Suárez",-37.534856250067,-61.8890922422146,"06","Buenos Aires"
"46035","Chamical",-30.1676450229169,-65.9564977168655,"46","La Rioja"
"26035","Futaleufú",-43.0705971248375,-71.4554653748233,"26","Chubut"
"78049","Río Chico",-48.2873290195571,-71.113837498627,"78","Santa Cruz"
"62077","San Antonio",-40.9526636914294,-65.3712443332326,"62","Río Negro"
"86014","Alberdi",-26.5210423501695,-62.7280139284021,"86","Santiago del Estero"
"86098","Juan Felipe Ibarra",-28.0394929915456,-62.5443747130478,"86","Santiago del Estero"
"86077","General Taboada",-28.5683250686056,-62.3387633833787,"86","Santiago del Estero"
"06721","Salliqueló",-36.6717775352133,-63.0479735266054,"06","Buenos Aires"
"06091","Berazategui",-34.8182447703794,-58.155461508679,"06","Buenos Aires"
"66049","General Güemes",-24.7646021168635,-64.9560620821107,"66","Salta"
"66154","San Carlos",-25.8295042903902,-66.1746708204562,"66","Salta"
"06343","General Paz",-35.466183010272,-58.389651959253,"06","Buenos Aires"
"06308","General Guido",-36.6660345415851,-57.9957365952016,"06","Buenos Aires"
"06315","General Juan Madariaga",-37.1535157186092,-57.2306605949345,"06","Buenos Aires"
"78028","Lago Argentino",-49.8364881436802,-72.06547133431,"78","Santa Cruz"
"86154","Rivadavia",-30.0205069976617,-62.280260406999,"86","Santiago del Estero"
"86126","Ojo de Agua",-29.3043766197306,-64.0144967880943,"86","Santiago del Estero"
"86063","Choya",-28.7541678003854,-64.7638924389835,"86","Santiago del Estero"
"74042","Gobernador Dupuy",-35.3684506230675,-65.809487372821,"74","San Luis"
"66014","Cachi",-25.038755786337,-66.2026200885047,"66","Salta"
"66042","Chicoana",-25.1514413324719,-65.6063327574043,"66","Salta"
"26042","Gaiman",-43.2725140893505,-66.1720705793314,"26","Chubut"
"26077","Rawson",-43.1373292631623,-65.0757170605931,"26","Chubut"
"46077","General Lamadrid",-28.7904386774179,-68.6975444932226,"46","La Rioja"
"74007","Ayacucho",-32.1657217092103,-66.5423618070089,"74","San Luis"
"22036","12 de Octubre",-27.3333760774448,-61.4758065480051,"22","Chaco"
"14175","Tulumba",-30.2195169248248,-63.8287887197042,"14","Córdoba"
"14028","Cruz del Eje",-30.6567576546802,-65.0782065927095,"14","Córdoba"
"14091","Punilla",-31.2187582835824,-64.5858722176043,"14","Córdoba"
"02042","Comuna 6",-34.6168433901026,-58.4435682279951,"02","Ciudad Autónoma de Buenos Aires"
"50112","Santa Rosa",-33.6169989146657,-67.9638561142682,"50","Mendoza"
"22063","General Güemes",-25.212576905898,-61.3344270231873,"22","Chaco"
"46084","General Ortiz de Ocampo",-31.0067607030974,-66.0589849758729,"46","La Rioja"
"14035","General Roca",-34.6231276675475,-64.3730221441911,"14","Córdoba"
"34042","Pilagás",-25.1053773069172,-58.6616277481182,"34","Formosa"
"34021","Laishi",-26.4675822193402,-58.5654632415076,"34","Formosa"
"50084","Rivadavia",-33.4170768899779,-68.6049732994365,"50","Mendoza"
"06819","Tornquist",-38.2576421634805,-62.2905659977374,"06","Buenos Aires"
"50042","La Paz",-33.7012853202088,-67.2497236922759,"50","Mendoza"
"06196","Coronel Pringles",-38.1479172688233,-61.2644174529926,"06","Buenos Aires"
"62028","Conesa",-40.1487161931233,-64.3049127228304,"62","Río Negro"
"06875","Villarino",-39.1285652325867,-62.7245989548872,"06","Buenos Aires"
"34056","Pirané",-25.7672913544641,-59.1592563969217,"34","Formosa"
"06351","General Pinto",-34.6696214541604,-62.0398536742269,"06","Buenos Aires"
"06742","San Cayetano",-38.3890731972465,-59.5863264400332,"06","Buenos Aires"
"06833","Tres Arroyos",-38.5118142752579,-60.2374173247047,"06","Buenos Aires"
"06189","Coronel Dorrego",-38.6708176079735,-61.0955505728699,"06","Buenos Aires"
"06581","Necochea",-38.2554110045679,-59.1673869468897,"06","Buenos Aires"
"46105","Independencia",-30.1144556417024,-67.3355098029644,"46","La Rioja"
"06218","Chascomús",-35.6186883086057,-57.9039810685242,"06","Buenos Aires"
"06655","Punta Indio",-35.4260558765566,-57.3992340402061,"06","Buenos Aires"
"38014","El Carmen",-24.4475372667752,-65.1012859046503,"38","Jujuy"
"14147","Santa María",-31.7097123126909,-64.3059021632813,"14","Córdoba"
"62084","Valcheta",-40.9744584304307,-66.3108907979663,"62","Río Negro"
"46007","Arauco",-28.5330436663011,-66.7191026010202,"46","La Rioja"
"06466","Lezama",-35.8492083919939,-57.8948443895452,"06","Buenos Aires"
"06126","Campana",-34.1383889592817,-58.8829573786215,"06","Buenos Aires"
"78042","Magallanes",-48.8383418227095,-68.4681621290535,"78","Santa Cruz"
"78007","Corpen Aike",-49.9474837008291,-69.4469507226845,"78","Santa Cruz"
"14070","Minas",-31.0350313100891,-65.4119724397194,"14","Córdoba"
"14126","San Alberto",-31.7080283283874,-65.1565147370037,"14","Córdoba"
"14119","Río Segundo",-31.7331087895549,-63.4748555205649,"14","Córdoba"
"14140","San Justo",-31.242567096662,-62.5275890566991,"14","Córdoba"
"14182","Unión",-32.8783816611385,-62.7915970558691,"14","Córdoba"
"14161","Tercero Arriba",-32.2876800226932,-63.77900489607,"14","Córdoba"
"66035","Cerrillos",-24.9885439364757,-65.4038161087861,"66","Salta"
"14098","Río Cuarto",-33.330534188986,-64.4931343088767,"14","Córdoba"
"50126","Tupungato",-33.2934009869539,-69.2962859030556,"50","Mendoza"
"62049","9 de Julio",-40.9255514713631,-67.4574916560521,"62","Río Negro"
"62056","Ñorquinco",-41.7398229279456,-70.4011459093449,"62","Río Negro"
"50105","San Rafael",-34.9454490543358,-68.384239783985,"50","Mendoza"
"66007","Anta",-24.8754563539578,-63.8397263286188,"66","Salta"
"58098","Picún Leufú",-39.4039652237483,-69.427190720517,"58","Neuquén"
"58112","Zapala",-38.9221765260283,-69.8223682005858,"58","Neuquén"
"62091","25 de Mayo",-41.1330450365746,-68.9063262041627,"62","Río Negro"
"26105","Telsen",-42.4388519406853,-67.176877305263,"26","Chubut"
"62070","Pilcaniyeu",-40.8875523576138,-70.4627105357719,"62","Río Negro"
"06007","Adolfo Alsina",-37.196762082356,-63.0560551528803,"06","Buenos Aires"
"50014","General Alvear",-35.2188456896959,-67.0805881742222,"50","Mendoza"
"66077","La Caldera",-24.5623996239199,-65.4290994435937,"66","Salta"
"22154","Sargento Cabral",-26.7997133020842,-59.5191057139149,"22","Chaco"
"06616","Pellegrini",-36.2711917055859,-63.2257521123403,"06","Buenos Aires"
"58007","Aluminé",-39.1314863536249,-71.0463179632078,"58","Neuquén"
"66070","Iruya",-22.8153452313602,-64.9205141250691,"66","Salta"
"58056","Lácar",-40.314223088982,-71.1842639628873,"58","Neuquén"
"10063","Fray Mamerto Esquiú",-28.3343382720204,-65.731187897962,"10","Catamarca"
"10112","Valle Viejo",-28.6000684837485,-65.7079324164837,"10","Catamarca"
"18133","San Cosme",-27.3822986767274,-58.5174742251831,"18","Corrientes"
"26091","Sarmiento",-45.3450926864638,-69.0028400019161,"26","Chubut"
"02007","Comuna 1",-34.6064435423382,-58.3715117424742,"02","Ciudad Autónoma de Buenos Aires"
"02028","Comuna 4",-34.6421128950646,-58.3875614030278,"02","Ciudad Autónoma de Buenos Aires"
"62035","El Cuy",-39.7003601698155,-68.4827895211107,"62","Río Negro"
"50049","Las Heras",-32.5246239358788,-69.2679113756459,"50","Mendoza"
"22161","Tapenagá",-27.6596299369227,-59.827840211346,"22","Chaco"
"50056","Lavalle",-32.5754675617188,-67.8966912637568,"50","Mendoza"
"50077","Malargüe",-36.1589400383152,-69.3130810458033,"50","Mendoza"
"14084","Presidente Roque Sáenz Peña",-34.1404893695479,-63.4188652087471,"14","Córdoba"
"58021","Catán Lil",-39.4807942919835,-70.4335593332114,"58","Neuquén"
"22119","Presidencia de la Plaza",-27.0446247369186,-59.7745640420007,"22","Chaco"
"02035","Comuna 5",-34.6173699237915,-58.4205721902504,"02","Ciudad Autónoma de Buenos Aires"
"18049","Esquina",-29.985327366863,-59.2413818424126,"18","Corrientes"
"94015","Ushuaia",-54.7704676359158,-66.6836200601613,"94","Tierra del Fuego, Antártida e Islas del Atlántico Sur"
"10028","Antofagasta de la Sierra",-25.9467556410811,-67.6778798484787,"10","Catamarca"
"06245","Ensenada",-34.8421497421872,-57.9791090925538,"06","Buenos Aires"
"90084","Capital",-26.8332209186353,-65.2170208037282,"90","Tucumán"
"82007","Belgrano",-32.6104361547012,-61.7047364516353,"82","Santa Fe"
"06623","Pergamino",-33.8360668139653,-60.5447828161659,"06","Buenos Aires"
"06651","Puán",-38.0760763207387,-63.0574326099086,"06","Buenos Aires"
"06392","General Villegas",-34.7702605023112,-62.9541988413061,"06","Buenos Aires"
"02084","Comuna 12",-34.5662276068999,-58.4904280414968,"02","Ciudad Autónoma de Buenos Aires"
"82049","General Obligado",-28.672536399396,-59.5266963989458,"82","Santa Fe"
"82133","Vera",-28.9706345150851,-60.4136679252075,"82","Santa Fe"
"82077","9 de Julio",-28.8486776771703,-61.3979945646643,"82","Santa Fe"
"62007","Adolfo Alsina",-40.7916894116905,-63.7651004404077,"62","Río Negro"
"22133","Quitilipi",-26.6663185244379,-60.1729742758302,"22","Chaco"
"78021","Güer Aike",-51.4134125039336,-70.5618155469082,"78","Santa Cruz"
"10042","Capayán",-28.9094976289814,-65.9017191021383,"10","Catamarca"
"90007","Burruyacú",-26.5305481465544,-64.8195981132229,"90","Tucumán"
"82105","San Jerónimo",-32.1537713587336,-61.0481265782097,"82","Santa Fe"
"22070","Independencia",-26.735179032354,-60.7563736019567,"22","Chaco"
"18035","Curuzú Cuatiá",-29.6954668055505,-58.3248599040647,"18","Corrientes"
"50063","Luján de Cuyo",-33.0384947617689,-69.4516850524047,"50","Mendoza"
"10105","Tinogasta",-27.5418355834148,-67.9307422147195,"10","Catamarca"
"02049","Comuna 7",-34.636554414358,-58.4518868569654,"02","Ciudad Autónoma de Buenos Aires"
"42077","Hucal",-37.9792315730965,-63.9544864276514,"42","La Pampa"
"18077","Itatí",-27.3460559292444,-58.0713817911441,"18","Corrientes"
"02070","Comuna 10",-34.6278517920976,-58.5028178465965,"02","Ciudad Autónoma de Buenos Aires"
"42014","Caleu Caleu",-38.6756398635536,-63.8968185406946,"42","La Pampa"
"42084","Lihuel Calel",-38.2616348854642,-65.0966893102146,"42","La Pampa"
"42042","Curacó",-38.1797329921075,-66.330067375997,"42","La Pampa"
"58035","Confluencia",-38.8322794945189,-68.7940772839278,"58","Neuquén"
"58105","Picunches",-38.5742773422999,-70.3729610459357,"58","Neuquén"
"58014","Añelo",-38.0983759451619,-69.0157147264732,"58","Neuquén"
"58063","Loncopué",-38.0659451614955,-70.3142327793889,"58","Neuquén"
"58084","Ñorquín",-37.6381186650332,-70.6780421229319,"58","Neuquén"
"58091","Pehuenches",-37.3984094176891,-69.4030432724945,"58","Neuquén"
"02077","Comuna 11",-34.6061370106731,-58.4967420076817,"02","Ciudad Autónoma de Buenos Aires"
"54084","Montecarlo",-26.6579081868111,-54.5631774506644,"54","Misiones"
"54042","Eldorado",-26.3138449972573,-54.4407363386816,"54","Misiones"
"54112","San Pedro",-26.62996077436,-53.9629780421788,"54","Misiones"
"94028","Antártida Argentina",-82.7776766547034,-50.6480306037361,"94","Tierra del Fuego, Antártida e Islas del Atlántico Sur"
"58077","Minas",-36.8585578940124,-70.78364814983,"58","Neuquén"
"58042","Chos Malal",-36.8805641891102,-70.2863793101158,"58","Neuquén"
"26014","Cushamen",-42.3663973043627,-70.7119978032417,"26","Chubut"
"78035","Lago Buenos Aires",-46.8342043710739,-70.6313995743965,"78","Santa Cruz"
"62063","Pichi Mahuida",-39.4076049744942,-64.4007362191104,"62","Río Negro"
"86175","San Martín",-28.1877612839021,-63.854114579261,"86","Santiago del Estero"
"38112","Yavi",-22.290645260596,-65.5667394207971,"38","Jujuy"
"38077","Santa Catalina",-22.1376406851166,-66.227261407729,"38","Jujuy"
"38063","San Pedro",-24.2985083171115,-64.8109899059972,"38","Jujuy"
"38105","Valle Grande",-23.4666140607053,-65.0120193444126,"38","Jujuy"
"34035","Patiño",-24.8750081858591,-59.9584280130313,"34","Formosa"
"34007","Bermejo",-24.0254990220968,-61.2828611773469,"34","Formosa"
"38084","Susques",-23.5206710927029,-66.6617118803761,"38","Jujuy"
"34028","Matacos",-23.8544865427827,-62.0770650055764,"34","Formosa"
"66105","Los Andes",-24.6426248978878,-67.3440956899683,"66","Salta"
"66126","Orán",-23.4987916315192,-64.150945650256,"66","Salta"
"38094","Tilcara",-23.5604015183698,-65.3200105901478,"38","Jujuy"
"38042","Palpalá",-24.1949225166052,-65.1264498101135,"38","Jujuy"
"42098","Loventué",-36.4785080840981,-65.533063651288,"42","La Pampa"
"26084","Río Senguer",-45.3405591890669,-70.6400850098256,"26","Chubut"
"62021","Bariloche",-41.4981376652733,-71.5310863063756,"62","Río Negro"
"58049","Huiliches",-39.7946776781884,-71.2590025540624,"58","Neuquén"
"42091","Limay Mahuida",-37.2419021199685,-66.5552326917265,"42","La Pampa"
"42112","Puelén",-37.4345215375332,-67.6045329036613,"42","La Pampa"
"42049","Chalileo",-36.395699692841,-66.5727424085761,"42","La Pampa"
"42063","Chical Co",-36.3969736431163,-67.6944669009179,"42","La Pampa"
"86140","Quebrachos",-29.3883234023198,-63.3484161216539,"86","Santiago del Estero"
"18112","Monte Caseros",-30.2289612354938,-57.870301871575,"18","Corrientes"
"22098","Mayor Luis J. Fontana",-27.7429616104984,-60.6567128818538,"22","Chaco"
"22043","Fray Justo Santa María de Oro",-27.8647076723602,-61.3012288739823,"22","Chaco"
"46063","General Belgrano",-30.5778081168076,-65.9324739936757,"46","La Rioja"
"82070","Las Colonias",-31.3153379040603,-61.1094808023915,"82","Santa Fe"
"82112","San Justo",-30.5304248144909,-60.4886940672178,"82","Santa Fe"
"82091","San Cristóbal",-30.2283897206038,-61.3599372073841,"82","Santa Fe"
"82098","San Javier",-30.1041461062467,-59.8980704736792,"82","Santa Fe"
"42056","Chapaleufú",-35.2298937893695,-63.6603750662124,"42","La Pampa"
"42133","Realicó",-35.2306620563122,-64.2098498059179,"42","La Pampa"
"42105","Maracó",-35.6796161112326,-63.6624899647122,"42","La Pampa"
"42147","Trenel",-35.631875013139,-64.2143766255202,"42","La Pampa"
"86056","Copo",-25.9391612005653,-62.7310972270609,"86","Santiago del Estero"
"42021","Capital",-36.4980625982423,-64.198128304565,"42","La Pampa"
"38070","Santa Bárbara",-24.007640144548,-64.4023116738515,"38","Jujuy"
"22007","Almirante Brown",-25.7452119099225,-61.9589813624119,"22","Chaco"
"66140","Rosario de la Frontera",-25.8715613006323,-64.7288089239246,"66","Salta"
"58028","Collón Curá",-40.0529194288429,-70.2813667759367,"58","Neuquén"
"02021","Comuna 3",-34.6138430816924,-58.4026514511807,"02","Ciudad Autónoma de Buenos Aires"
"06749","San Fernando",-34.1558361119161,-58.5345816568901,"06","Buenos Aires"
"06805","Tigre",-34.382019907997,-58.5881738725709,"06","Buenos Aires"
"10091","Santa María",-26.7734648563207,-66.2612705245824,"10","Catamarca"
"10098","Santa Rosa",-28.082107971849,-65.3350824661739,"10","Catamarca"
"10070","La Paz",-29.3955036215545,-65.1920338746874,"10","Catamarca"
"86147","Río Hondo",-27.4855424248983,-64.7601169003321,"86","Santiago del Estero"
"46098","Vinchina",-28.3166977149073,-68.5252928296074,"46","La Rioja"
"46014","Capital",-29.4605896547988,-66.3526000997493,"46","La Rioja"
"14112","Río Seco",-30.0450412488063,-63.1990187799045,"14","Córdoba"
"62014","Avellaneda",-39.4102626929359,-66.20639651701,"62","Río Negro"
"62042","General Roca",-38.5298947783261,-67.5574036622512,"62","Río Negro"
"74014","Belgrano",-32.7356111326592,-66.7150525486673,"74","San Luis"
"58070","Los Lagos",-40.7743503720999,-71.4867232511371,"58","Neuquén"
"10049","Capital",-28.4117889646495,-65.8367262921682,"10","Catamarca"
"10014","Ancasti",-28.9274130674418,-65.504299177941,"10","Catamarca"
"10084","Pomán",-28.2337589059236,-66.3888045363986,"10","Catamarca"
"02014","Comuna 2",-34.5857888788086,-58.3949035422527,"02","Ciudad Autónoma de Buenos Aires"
"22105","9 de Julio",-26.9436383020752,-61.264612522285,"22","Chaco"
"14077","Pocho",-31.4627416617352,-65.4351550968219,"14","Córdoba"
"06270","Ezeiza",-34.8760968437468,-58.5647013731149,"06","Buenos Aires"
"10021","Andalgalá",-27.5728459104474,-66.3731024938335,"10","Catamarca"
"10007","Ambato",-28.0199741656262,-65.9227878835948,"10","Catamarca"
"02056","Comuna 8",-34.6745664758358,-58.461948060155,"02","Ciudad Autónoma de Buenos Aires"
"86084","Guasayán",-27.9768511960939,-64.8712241216861,"86","Santiago del Estero"
"10077","Paclín",-28.1103167424607,-65.6743180153264,"10","Catamarca"
"10056","El Alto",-28.4317063831316,-65.3604289203864,"10","Catamarca"
"14154","Sobremonte",-29.7643092597004,-64.1425182645874,"14","Córdoba"
"94008","Río Grande",-53.7462919871752,-68.1361046544505,"94","Tierra del Fuego, Antártida e Islas del Atlántico Sur"
"02091","Comuna 13",-34.5541262964697,-58.4540029618054,"02","Ciudad Autónoma de Buenos Aires"
"86035","Banda",-27.4347067680665,-64.2098658068652,"86","Santiago del Estero"
"26070","Paso de Indios",-44.0301843801728,-68.6858628378531,"26","Chubut"
"14014","Capital",-31.4167568770155,-64.1835837727284,"14","Córdoba"
"26063","Mártires",-43.8138479495924,-67.2399811031767,"26","Chubut"
"86182","Sarmiento",-28.1061147414452,-63.4461751488241,"86","Santiago del Estero"
"78014","Deseado",-47.3305629962178,-68.0290548030539,"78","Santa Cruz"
"26056","Languiñeo",-43.3234918785199,-70.3484079877641,"26","Chubut"
"86042","Belgrano",-29.0815053728088,-62.2182795085019,"86","Santiago del Estero"
"86007","Aguirre",-29.2979732282428,-62.5150973801298,"86","Santiago del Estero"
"22091","Maipú",-26.3190099893669,-60.4546439783309,"22","Chaco"
"50091","San Carlos",-34.0755248766466,-69.0973090508602,"50","Mendoza"
"50119","Tunuyán",-33.6228877049098,-69.5092965661889,"50","Mendoza"
"86161","Robles",-27.8539440726978,-63.9075092603375,"86","Santiago del Estero"
"86105","Loreto",-28.6244804370084,-64.3107274308462,"86","Santiago del Estero"
"42028","Catriló",-36.581670209145,-63.6648685343036,"42","La Pampa"
"86049","Capital",-27.8847652276627,-64.435667540413,"86","Santiago del Estero"
"02098","Comuna 14",-34.573874740768,-58.4222940810483,"02","Ciudad Autónoma de Buenos Aires"
"30008","Colón",-32.0114827530749,-58.3699129592392,"30","Entre Ríos"
"30113","Villaguay",-31.6477388964372,-59.0594708103114,"30","Entre Ríos"
"06168","Castelli",-36.0414897439213,-57.6574251943684,"06","Buenos Aires"
"30088","San Salvador",-31.576883538854,-58.4863728567569,"30","Entre Ríos"
"10035","Belén",-27.1019560038189,-66.9224805098511,"10","Catamarca"
"06028","Almirante Brown",-34.8356191132679,-58.36737293295,"06","Buenos Aires"
"30077","Nogoyá",-32.2187123476403,-59.7697019154662,"30","Entre Ríos"
"30091","Tala",-32.3174117218427,-59.2672864854832,"30","Entre Ríos"
"30049","Gualeguay",-33.1192366285416,-59.6014598265182,"30","Entre Ríos"
"30028","Federación",-30.7348532046962,-58.1591551818899,"30","Entre Ríos"
"30070","La Paz",-30.8973573249588,-59.5004308899395,"30","Entre Ríos"
"30042","Feliciano",-30.4138996015365,-58.7288907563202,"30","Entre Ríos"
"06648","Presidente Perón",-34.9298478405731,-58.3980842106611,"06","Buenos Aires"
"06413","Junín",-34.5464751322689,-61.0052501278322,"06","Buenos Aires"
"06119","Brandsen",-35.2225197990076,-58.1752339039367,"06","Buenos Aires"
"06224","Chivilcoy",-34.915487328433,-59.9584194881488,"06","Buenos Aires"
"06021","Alberti",-35.0369685106341,-60.2819765918318,"06","Buenos Aires"
"06112","Bragado",-35.0614122707821,-60.6040466528095,"06","Buenos Aires"
"06329","General Las Heras",-34.9094243780878,-58.9954466211925,"06","Buenos Aires"
"06147","Carlos Casares",-35.7499222140362,-61.3743777867738,"06","Buenos Aires"
"06525","Marcos Paz",-34.8140029646158,-58.8478312046572,"06","Buenos Aires"
"06385","General Viamonte",-34.9977788912459,-61.0496572343522,"06","Buenos Aires"
"06154","Carlos Tejedor",-35.3797449374452,-62.4297895789754,"06","Buenos Aires"
"06854","25 de Mayo",-35.527208971772,-60.2302837885052,"06","Buenos Aires"
"06588","9 de Julio",-35.4812271475831,-60.975425441559,"06","Buenos Aires"
"06609","Pehuajó",-35.8836208341768,-61.9281257343997,"06","Buenos Aires"
"06798","Tapalqué",-36.3471436403082,-60.1310650281756,"06","Buenos Aires"
"06826","Trenque Lauquen",-36.0567662720701,-62.6350797832329,"06","Buenos Aires"
"06301","General Belgrano",-35.8346623469788,-58.6980799686583,"06","Buenos Aires"
"06547","Monte",-35.5098267581846,-58.7672358382292,"06","Buenos Aires"
"06693","Roque Pérez",-35.481635701192,-59.3575118159751,"06","Buenos Aires"
"06595","Olavarría",-36.8576340464573,-60.6702054013071,"06","Buenos Aires"
"06539","Merlo",-34.7110032783084,-58.7419584139756,"06","Buenos Aires"
"54014","Cainguás",-27.1478365768268,-54.8023437852311,"54","Misiones"
"94021","Islas del Atlántico Sur",-52.5006628799787,-53.4026402162418,"94","Tierra del Fuego, Antártida e Islas del Atlántico Sur"
"06260","Esteban Echeverría",-34.8312135656106,-58.4769479291405,"06","Buenos Aires"
"06077","Arrecifes",-34.0118119181559,-60.0626641477636,"06","Buenos Aires"
"06140","Capitán Sarmiento",-34.1498445273572,-59.8540147848747,"06","Buenos Aires"
"38021","Dr. Manuel Belgrano",-24.0891183755518,-65.4478782461086,"38","Jujuy"
"06161","Carmen de Areco",-34.4067977883926,-59.8844134882327,"06","Buenos Aires"
"06714","Salto",-34.2710777868364,-60.3052878686828,"06","Buenos Aires"
"06266","Exaltación de la Cruz",-34.2951342236201,-59.1559461316089,"06","Buenos Aires"
"06760","San Miguel",-34.5521343486779,-58.6917835230047,"06","Buenos Aires"
"06728","San Andrés de Giles",-34.4377314289072,-59.4731985905145,"06","Buenos Aires"
"06532","Mercedes",-34.6973213261419,-59.4204811393582,"06","Buenos Aires"
"06638","Pilar",-34.4481640053043,-58.9033327303822,"06","Buenos Aires"
"06497","Luján",-34.5673224195595,-59.1584564399668,"06","Buenos Aires"
"90028","Famaillá",-26.9759689777425,-65.4789084982894,"90","Tucumán"
"06408","Hurlingham",-34.5992830551765,-58.6495253867317,"06","Buenos Aires"
"06568","Morón",-34.6493861631091,-58.6198317111492,"06","Buenos Aires"
"06210","Chacabuco",-34.6182002950801,-60.3543081129662,"06","Buenos Aires"
"50035","Junín",-33.1503940875751,-68.4973606539186,"50","Mendoza"
"06515","Malvinas Argentinas",-34.4873113444512,-58.7121372415949,"06","Buenos Aires"
"06847","Tres Lomas",-36.4971002162064,-62.8639077725213,"06","Buenos Aires"
"06042","Ayacucho",-37.0354309121063,-58.4425565239465,"06","Buenos Aires"
"06399","Guaminí",-36.8906755108534,-62.4185310608382,"06","Buenos Aires"
"06371","General San Martín",-34.5527719180977,-58.5642821761285,"06","Buenos Aires"
"06469","Lincoln",-35.0704479695471,-61.6824583851265,"06","Buenos Aires"
"06448","Laprida",-37.5165055849878,-60.7681481810422,"06","Buenos Aires"
"06756","San Isidro",-34.4868929544319,-58.5372090766799,"06","Buenos Aires"
"06084","Benito Juárez",-37.586110705761,-59.8883978406322,"06","Buenos Aires"
"06175","Colón",-33.885864543958,-61.0624837286828,"06","Buenos Aires"
"06410","Ituzaingó",-34.6360716118614,-58.6887595155761,"06","Buenos Aires"
"06364","General Rodríguez",-34.6506156900812,-58.9878467982653,"06","Buenos Aires"
"06784","Suipacha",-34.7485741352291,-59.7033860485774,"06","Buenos Aires"
"06840","Tres de Febrero",-34.5960100738691,-58.5791883855736,"06","Buenos Aires"
"46028","General Felipe Varela",-29.4499054722468,-68.3285566475246,"46","La Rioja"
"06274","Florencio Varela",-34.8777448240057,-58.2585548857898,"06","Buenos Aires"
"06574","Navarro",-35.0304844816228,-59.4293585541147,"06","Buenos Aires"
"06134","Cañuelas",-35.1448044957896,-58.6910941846835,"06","Buenos Aires"
"86119","Moreno",-27.2982006559922,-62.4639026540336,"86","Santiago del Estero"
"22028","Chacabuco",-27.1153502635495,-61.3088349505972,"22","Chaco"
"06778","San Vicente",-35.0715087168304,-58.4318120603267,"06","Buenos Aires"
"06483","Lobos",-35.2195857860094,-59.1457418827425,"06","Buenos Aires"
"06287","General Alvear",-36.0347106495852,-60.1331531037654,"06","Buenos Aires"
"06658","Quilmes",-34.7349707991152,-58.2768580209942,"06","Buenos Aires"
"06630","Pila",-36.2029842239612,-58.3404430505536,"06","Buenos Aires"
"06322","General La Madrid",-37.3561277769109,-61.3441308948924,"06","Buenos Aires"
"06105","Bolívar",-36.2989479582916,-61.1498600852285,"06","Buenos Aires"
"46021","Castro Barros",-28.8599829479134,-66.918584755618,"46","La Rioja"
"06063","Balcarce",-37.7146198082264,-58.2717475616555,"06","Buenos Aires"
"06406","Hipólito Yrigoyen",-36.2591890205909,-61.660187626031,"06","Buenos Aires"
"50007","Capital",-32.8828960440395,-68.893648801808,"50","Mendoza"
"06238","Dolores",-36.3989376730385,-57.6319261244954,"06","Buenos Aires"
"06049","Azul",-36.7859352165928,-59.696478337621,"06","Buenos Aires"
"06231","Daireaux",-36.6408692174847,-61.8912495525965,"06","Buenos Aires"
"50021","Godoy Cruz",-32.9320744395304,-68.9141362247952,"50","Mendoza"
"66021","Cafayate",-26.1257489988731,-65.8767230578258,"66","Salta"
"86070","Figueroa",-27.3218567501665,-63.579632022065,"86","Santiago del Estero"
"06700","Saavedra",-37.7706381329573,-62.4343829136658,"06","Buenos Aires"
"06553","Monte Hermoso",-38.9616237886799,-61.2921466954973,"06","Buenos Aires"
"06476","Lobería",-38.090052818611,-58.6935497786696,"06","Buenos Aires"
"06098","Berisso",-34.9093551143988,-57.8283797724826,"06","Buenos Aires"
"06812","Tordillo",-36.3905151218837,-57.2738116449804,"06","Buenos Aires"
"06882","Zárate",-33.9970897980955,-59.1282153004682,"06","Buenos Aires"
"06665","Ramallo",-33.5871861466481,-60.0575064405905,"06","Buenos Aires"
"06763","San Nicolás",-33.4829873308981,-60.2931487802824,"06","Buenos Aires"
"86168","Salavina",-28.9187435895832,-63.3035949539634,"86","Santiago del Estero"
"86133","Pellegrini",-26.2199018368927,-64.0917498279144,"86","Santiago del Estero"
"86028","Avellaneda",-28.555362665393,-63.20376658846,"86","Santiago del Estero"
"22039","2 de Abril",-27.6198551557059,-61.3289519563791,"22","Chaco"
"50028","Guaymallén",-32.8929748154748,-68.7333034931406,"50","Mendoza"
"14056","Juárez Celman",-33.3295744809665,-63.6063858554279,"14","Córdoba"
"66028","Capital",-24.8897949232452,-65.2713224010013,"66","Salta"
"86189","Silípica",-28.1888486590344,-64.2732683808613,"86","Santiago del Estero"
"66084","La Candelaria",-26.0848731785427,-65.1760220468639,"66","Salta"
"42126","Rancul",-35.408324405275,-64.7962057702449,"42","La Pampa"
"50070","Maipú",-32.9797495635853,-68.6563133629426,"50","Mendoza"
"66063","Guachipas",-25.7029584300217,-65.4445406244237,"66","Salta"
"42007","Atreucó",-37.0324944038817,-63.7788849526284,"42","La Pampa"
"50098","San Martín",-32.9140381657571,-68.2888458647488,"50","Mendoza"
"42070","Guatraché",-37.4836471472851,-63.7813081297621,"42","La Pampa"
"46126","Sanagasta",-29.1585269700836,-67.0658836337284,"46","La Rioja"
"42035","Conhelo",-36.0320043909386,-64.5086492198133,"42","La Pampa"
"54077","Libertador General San Martín",-26.8931448896048,-54.9233629608393,"54","Misiones"
"46112","Rosario Vera Peñaloza",-31.4229834527921,-66.6741641296595,"46","La Rioja"
"18154","San Miguel",-27.8758596571718,-57.4100421733803,"18","Corrientes"
"46070","General Juan Facundo Quiroga",-30.8006382527121,-66.8678571954155,"46","La Rioja"
"46056","Ángel Vicente Peñaloza",-30.3128975387926,-66.6630521188297,"46","La Rioja"
"18042","Empedrado",-27.8961126654966,-58.665840300338,"18","Corrientes"
"46042","Chilecito",-29.39593747537,-67.427886789152,"46","La Rioja"
"42140","Toay",-36.662162152652,-64.6922110147401,"42","La Pampa"
"14021","Colón",-31.1461809443167,-64.149086867857,"14","Córdoba"
"18084","Ituzaingó",-27.9113085755074,-56.790098223735,"18","Corrientes"
"46049","Famatina",-28.6973536209113,-67.5592543116777,"46","La Rioja"
"82042","General López",-33.9221898209726,-61.939680211795,"82","Santa Fe"
"82028","Constitución",-33.4871399171909,-60.8374001304635,"82","Santa Fe"
"82014","Caseros",-33.2249739383268,-61.5428621200429,"82","Santa Fe"
"82084","Rosario",-33.1178472652264,-60.7232422315034,"82","Santa Fe"
"82119","San Lorenzo",-32.9413325358441,-60.9640078882428,"82","Santa Fe"
"82056","Iriondo",-32.7060836089974,-61.273387709005,"82","Santa Fe"
"06434","Lanús",-34.7056542439723,-58.3946965048442,"06","Buenos Aires"
"46091","General San Martín",-31.6414651427458,-66.1458162300477,"46","La Rioja"
"46119","San Blas de Los Sauces",-28.5432938438178,-67.1581352967929,"46","La Rioja"
"38056","San Antonio",-24.3466655289394,-65.4465034514555,"38","Jujuy"
"38049","Rinconada",-22.621441999219,-66.5415632203904,"38","Jujuy"
"34063","Ramón Lista",-23.120377014683,-62.1378892144612,"34","Formosa"
"66091","La Poma",-24.146976523836,-66.2072973644748,"66","Salta"
"26007","Biedma",-42.4435913808796,-64.9333479901808,"26","Chubut"
"18021","Capital",-27.5223367116017,-58.7624842360155,"18","Corrientes"
"18140","San Luis del Palmar",-27.6020530782378,-58.2683508234644,"18","Corrientes"
"34014","Formosa",-25.9396352320143,-58.3773174492375,"34","Formosa"
"34049","Pilcomayo",-25.3700377166163,-58.0626062654551,"34","Formosa"
"26098","Tehuelches",-44.2001445034306,-70.5769493727789,"26","Chubut"
"26021","Escalante",-45.2828915460529,-67.7088649201803,"26","Chubut"
"14049","Ischilín",-30.3985157855081,-64.609928019562,"14","Córdoba"
"14168","Totoral",-30.7263442710895,-63.9844039885161,"14","Córdoba"
"14042","General San Martín",-32.5143227869566,-63.2562056057504,"14","Córdoba"
"14133","San Javier",-32.0760871294213,-65.1422236066015,"14","Córdoba"
"14105","Río Primero",-31.0315240757859,-63.436114778127,"14","Córdoba"
"14063","Marcos Juárez",-33.0308431509632,-62.2775947053165,"14","Córdoba"
"22056","General Donovan",-27.1388899905163,-59.3467829351985,"22","Chaco"
"06462","Leandro N. Alem",-34.4985652798534,-61.6125874742962,"06","Buenos Aires"
"22084","Libertador General San Martín",-26.3775454900773,-59.4877181570758,"22","Chaco"
"26049","Gastre",-42.7490296126002,-68.8023248035912,"26","Chubut"
"06294","General Arenales",-34.2379020431362,-61.2833812257449,"06","Buenos Aires"
"22014","Bermejo",-26.9580421515067,-58.709116096044,"22","Chaco"
"14007","Calamuchita",-32.2020591306015,-64.6151725606746,"14","Córdoba"
"90014","Cruz Alta",-26.9180036848972,-64.9738642266054,"90","Tucumán"
"90063","Lules",-26.8622353459017,-65.4310245938907,"90","Tucumán"
"90119","Yerba Buena",-26.7839244723358,-65.3411739273315,"90","Tucumán"
"90105","Tafí Viejo",-26.6601491447319,-65.4640739296384,"90","Tucumán"
"74063","Libertador General San Martín",-32.5784192378867,-65.7095887718459,"74","San Luis"
"74021","Coronel Pringles",-33.1068820570862,-65.9007902060388,"74","San Luis"
"74028","Chacabuco",-32.7270768664399,-65.198209788321,"74","San Luis"
"06679","Rivadavia",-35.581056985938,-63.0947616852349,"06","Buenos Aires"
"06602","Patagones",-40.1963833078675,-62.8508023633523,"06","Buenos Aires"
"74056","Juan Martín de Pueyrredón",-33.900714617211,-66.5024402257537,"74","San Luis"
"74035","General Pedernera",-33.8922244453095,-65.5597745631101,"74","San Luis"
"90112","Trancas",-26.3434123363847,-65.4058207897255,"90","Tucumán"
"90098","Tafí del Valle",-26.5914686020616,-65.8893504834043,"90","Tucumán"
"02063","Comuna 9",-34.6517887970418,-58.4991751735853,"02","Ciudad Autónoma de Buenos Aires"
"74049","Junín",-32.2163016656263,-65.3948431186635,"74","San Luis"
"86112","Mitre",-29.6150490318213,-62.7386757564942,"86","Santiago del Estero"
"86021","Atamisqui",-28.6918181695012,-63.8815639977726,"86","Santiago del Estero"
"18014","Berón de Astrada",-27.4779704395686,-57.6113807712108,"18","Corrientes"
"94011","Tolhuin",-54.4245608947124,-67.5034849447963,"94","Tierra del Fuego, Antártida e Islas del Atlántico Sur"
"54028","Capital",-27.5505259291655,-55.8565833366475,"54","Misiones"
"54021","Candelaria",-27.4608500546705,-55.5826900383218,"54","Misiones"
"86091","Jiménez",-26.8996081032586,-64.2724736671085,"86","Santiago del Estero"
"06182","Coronel de Marina Leonardo Rosales",-38.8490773280679,-61.8355844196542,"06","Buenos Aires"
"06070","Baradero",-33.9319613769628,-59.4927871380553,"06","Buenos Aires"
"06770","San Pedro",-33.7809860202918,-59.7826260109294,"06","Buenos Aires"
"66161","Santa Victoria",-22.3958917322092,-64.8955647956079,"66","Salta"
"66056","General José de San Martín",-22.7144623805907,-63.6582864287813,"66","Salta"
"66133","Rivadavia",-23.5194718277586,-62.8285940219747,"66","Salta"
"66147","Rosario de Lerma",-24.5457519055916,-65.8530078405525,"66","Salta"
"38035","Ledesma",-23.7854859185353,-64.8288746330382,"38","Jujuy"
"38028","Humahuaca",-23.0820099180032,-65.4095227491295,"38","Jujuy"
"38007","Cochinoca",-22.9392130779775,-65.9347260935414,"38","Jujuy"
"38098","Tumbaya",-23.7434749479331,-65.6961901966194,"38","Jujuy"
"06277","Florentino Ameghino",-34.8741058055206,-62.4017162645879,"06","Buenos Aires"
"26028","Florentino Ameghino",-44.4231369267293,-66.1302641083269,"26","Chubut"
"90049","La Cocha",-27.7940604809292,-65.5977877083311,"90","Tucumán"
"90035","Graneros",-27.7132775964524,-65.2550360276541,"90","Tucumán"
"90042","Juan Bautista Alberdi",-27.6060757021473,-65.7831912587906,"90","Tucumán"
"90077","Río Chico",-27.4501203542874,-65.7518266389415,"90","Tucumán"
"90091","Simoca",-27.4238370613532,-65.2924847788807,"90","Tucumán"
"90021","Chicligasta",-27.2696018679715,-65.8110637206058,"90","Tucumán"
"90070","Monteros",-27.1106201705702,-65.6430768814482,"90","Tucumán"
"90056","Leales",-27.1918831757327,-65.0848647351414,"90","Tucumán"
"82126","San Martín",-32.0122706461745,-61.8090742014148,"82","Santa Fe"
"82063","La Capital",-31.4753563668226,-60.6694790136058,"82","Santa Fe"
"54049","General Manuel Belgrano",-25.9784317106931,-53.9638550967802,"54","Misiones"
"54056","Guaraní",-27.0262348990631,-54.2693651314473,"54","Misiones"
"54063","Iguazú",-25.8747354911285,-54.4004185890739,"54","Misiones"
"54119","25 de Mayo",-27.3786143619873,-54.6340904863083,"54","Misiones"
"54091","Oberá",-27.4763636010381,-55.0712221113606,"54","Misiones"
"82021","Castellanos",-31.2314615495091,-61.6572584461682,"82","Santa Fe"
"82035","Garay",-31.0546413334486,-60.1258077355938,"82","Santa Fe"
"42119","Quemú Quemú",-36.1306405658638,-63.6637300134466,"42","La Pampa"
"54098","San Ignacio",-27.1765939471765,-55.3392901736977,"54","Misiones"
"42154","Utracán",-37.3338794806419,-65.082831667763,"42","La Pampa"
"18147","San Martín",-28.8289801487463,-56.9315835110542,"18","Corrientes"
"18119","Paso de los Libres",-29.5936363396967,-57.2996338361445,"18","Corrientes"
"18070","Goya",-29.4514535088561,-59.2559121520651,"18","Corrientes"
"18091","Lavalle",-28.9879904880901,-58.9337232555635,"18","Corrientes"
"18161","San Roque",-28.705807188664,-58.6130359023562,"18","Corrientes"
"18056","General Alvear",-28.775163187308,-56.5115304340621,"18","Corrientes"
"18028","Concepción",-28.4083995312262,-58.0313928425117,"18","Corrientes"
"18007","Bella Vista",-28.4973870089949,-58.9304354321186,"18","Corrientes"
"18168","Santo Tomé",-28.2311041286613,-56.2221766248194,"18","Corrientes"
"18126","Saladas",-28.2124686853348,-58.6199128880477,"18","Corrientes"
"18063","General Paz",-27.7199319611528,-57.7876331852429,"18","Corrientes"
"54070","Leandro N. Alem",-27.6306652583192,-55.3880677316604,"54","Misiones"
"54105","San Javier",-27.7771031453698,-55.1674595937339,"54","Misiones"
"18098","Mburucuyá",-28.0163838994325,-58.1855639990468,"18","Corrientes"
"54035","Concepción",-27.9311673935877,-55.4670364912488,"54","Misiones"
"54007","Apóstoles",-27.8887539522051,-55.6781134842867,"54","Misiones"
"22126","1° de Mayo",-27.1678037354366,-58.9587415590109,"22","Chaco"
"22140","San Fernando",-27.7156982892704,-59.1154439908292,"22","Chaco"
"22147","San Lorenzo",-27.3933734765875,-60.3637302119912,"22","Chaco"
"06490","Lomas de Zamora",-34.7549679553956,-58.4240954303406,"06","Buenos Aires"
"06035","Avellaneda",-34.6781993084404,-58.3411445451106,"06","Buenos Aires"
"22168","25 de Mayo",-26.8170406143405,-60.0184594861944,"22","Chaco"
"22049","General Belgrano",-26.8478157545068,-61.0713338324887,"22","Chaco"
"22077","Libertad",-27.3493250970289,-59.2597877694895,"22","Chaco"
"22021","Comandante Fernández",-26.7853900358381,-60.4612869070114,"22","Chaco"
"02105","Comuna 15",-34.5918836701535,-58.4627740218465,"02","Ciudad Autónoma de Buenos Aires"
"70042","Chimbas",-31.4874196948537,-68.5239289663008,"70","San Juan"
"70028","Capital",-31.5330748483668,-68.5342856277496,"70","San Juan"
"70084","Rivadavia",-31.5542325394282,-68.6416232535725,"70","San Juan"
"70063","9 de Julio",-31.6454181217339,-68.3891603884533,"70","San Juan"
"70007","Albardón",-31.209735511428,-68.4521792374306,"70","San Juan"
"70014","Angaco",-31.1922718652932,-68.1320483297946,"70","San Juan"
"70098","Santa Lucía",-31.5327197592087,-68.4634100474193,"70","San Juan"
"70077","Rawson",-31.6866317967417,-68.4675945970348,"70","San Juan"
"70126","25 de Mayo",-31.9898921289958,-67.8268026426216,"70","San Juan"
"70091","San Martín",-31.5285457556281,-68.2072669737396,"70","San Juan"
"70070","Pocito",-31.7472539046839,-68.5846798192063,"70","San Juan"
"70133","Zonda",-31.6417783563664,-68.9548418805416,"70","San Juan"
"70112","Ullum",-31.0852853750901,-68.8823909182891,"70","San Juan"
"70105","Sarmiento",-32.076116858425,-68.6870408796588,"70","San Juan"
"70021","Calingasta",-31.4509359086826,-69.8318658247746,"70","San Juan"
"70049","Iglesia",-29.6011907018103,-69.4387201063957,"70","San Juan"
"70056","Jáchal",-30.3546413571108,-68.4399965840681,"70","San Juan"
"70119","Valle Fértil",-30.7168856749658,-67.5276736787401,"70","San Juan"
"70035","Caucete",-31.5069003261853,-67.5454408659079,"70","San Juan"
"06441","La Plata",-35.0038470156345,-58.0177777886077,"06","Buenos Aires"
"18105","Mercedes",-29.0645067636205,-57.8183859330354,"18","Corrientes"
